rank,movie_id,movie,release,runtime,total_reviews,sample_reviews,coverage_pct,duplicates_removed,oldest_review,latest_review,source_url,collected_at,raw_file,sentiment_counts,theme_counts
1,24708,극장판 치이카와: 인어 섬의 비밀,2026.09.30,99,386,60,15.54,0,2026-10-01 14:35,2026-10-02 09:19,https://www.lottecinema.co.kr/NLCHS/Movie/MovieDetailView?movie=24708,2026-10-02T11:14:37.706669+09:00,24708_expanded.json,"{""긍정 단서"": 30, ""단서 없음"": 22, ""부정 단서"": 3, ""혼합 단서"": 5}","{""연기·배우"": 0, ""서사·연출"": 17, ""몰입·속도"": 5, ""영상·음향·기기"": 0, ""원작·시리즈 비교"": 0, ""역사·사회 해석"": 0, ""공포·강도"": 15, ""굿즈·특전"": 5, ""극장 서비스·매너"": 0, ""재관람·추천 의향"": 3}"
2,24623,암살자(들),2026.09.23,131,2964,45,1.52,0,2026-10-02 01:08,2026-10-02 11:11,https://www.lottecinema.co.kr/NLCHS/Movie/MovieDetailView?movie=24623,2026-10-02T11:14:37.975497+09:00,24623_expanded.json,"{""혼합 단서"": 1, ""긍정 단서"": 23, ""단서 없음"": 16, ""부정 단서"": 5}","{""연기·배우"": 10, ""서사·연출"": 5, ""몰입·속도"": 11, ""영상·음향·기기"": 0, ""원작·시리즈 비교"": 0, ""역사·사회 해석"": 18, ""공포·강도"": 0, ""굿즈·특전"": 0, ""극장 서비스·매너"": 0, ""재관람·추천 의향"": 4}"
3,24724,부활남: 더 레드,2026.09.30,101,448,60,13.39,0,2026-10-01 21:39,2026-10-02 11:08,https://www.lottecinema.co.kr/NLCHS/Movie/MovieDetailView?movie=24724,2026-10-02T11:14:57.520067+09:00,24724_expanded.json,"{""긍정 단서"": 29, ""부정 단서"": 8, ""단서 없음"": 16, ""혼합 단서"": 7}","{""연기·배우"": 17, ""서사·연출"": 11, ""몰입·속도"": 8, ""영상·음향·기기"": 11, ""원작·시리즈 비교"": 6, ""역사·사회 해석"": 1, ""공포·강도"": 0, ""굿즈·특전"": 0, ""극장 서비스·매너"": 1, ""재관람·추천 의향"": 5}"
4,24654,타짜: 벨제붑의 노래,2026.09.23,129,1848,60,3.25,0,2026-10-01 20:03,2026-10-02 11:00,https://www.lottecinema.co.kr/NLCHS/Movie/MovieDetailView?movie=24654,2026-10-02T11:14:59.089730+09:00,24654_expanded.json,"{""혼합 단서"": 2, ""부정 단서"": 3, ""단서 없음"": 23, ""긍정 단서"": 32}","{""연기·배우"": 10, ""서사·연출"": 4, ""몰입·속도"": 2, ""영상·음향·기기"": 0, ""원작·시리즈 비교"": 8, ""역사·사회 해석"": 0, ""공포·강도"": 2, ""굿즈·특전"": 0, ""극장 서비스·매너"": 1, ""재관람·추천 의향"": 4}"
5,24128,오디세이,2026.08.05,172,5624,60,1.07,0,2026-09-29 00:26,2026-10-02 10:12,https://www.lottecinema.co.kr/NLCHS/Movie/MovieDetailView?movie=24128,2026-10-02T11:15:18.466695+09:00,24128_expanded.json,"{""긍정 단서"": 31, ""단서 없음"": 28, ""혼합 단서"": 1}","{""연기·배우"": 4, ""서사·연출"": 10, ""몰입·속도"": 5, ""영상·음향·기기"": 10, ""원작·시리즈 비교"": 1, ""역사·사회 해석"": 2, ""공포·강도"": 0, ""굿즈·특전"": 0, ""극장 서비스·매너"": 1, ""재관람·추천 의향"": 10}"
6,24751,인턴,2026.09.16,132,2201,60,2.73,0,2026-09-30 22:45,2026-10-02 10:35,https://www.lottecinema.co.kr/NLCHS/Movie/MovieDetailView?movie=24751,2026-10-02T11:15:20.642996+09:00,24751_expanded.json,"{""긍정 단서"": 28, ""단서 없음"": 26, ""부정 단서"": 4, ""혼합 단서"": 2}","{""연기·배우"": 12, ""서사·연출"": 9, ""몰입·속도"": 0, ""영상·음향·기기"": 1, ""원작·시리즈 비교"": 11, ""역사·사회 해석"": 0, ""공포·강도"": 0, ""굿즈·특전"": 0, ""극장 서비스·매너"": 1, ""재관람·추천 의향"": 3}"
7,24725,가능한 사랑,2026.09.23,164,420,60,14.29,0,2026-09-30 12:17,2026-10-02 10:31,https://www.lottecinema.co.kr/NLCHS/Movie/MovieDetailView?movie=24725,2026-10-02T11:15:39.760047+09:00,24725_expanded.json,"{""단서 없음"": 35, ""긍정 단서"": 20, ""부정 단서"": 4, ""혼합 단서"": 1}","{""연기·배우"": 19, ""서사·연출"": 12, ""몰입·속도"": 6, ""영상·음향·기기"": 2, ""원작·시리즈 비교"": 0, ""역사·사회 해석"": 3, ""공포·강도"": 0, ""굿즈·특전"": 0, ""극장 서비스·매너"": 1, ""재관람·추천 의향"": 2}"
8,24971,엔하이픈 브이알콘서트 : 데스티니,2026.09.18,52,16,16,100.0,0,2026-09-18 15:05,2026-10-01 17:45,https://www.lottecinema.co.kr/NLCHS/Movie/MovieDetailView?movie=24971,2026-10-02T11:15:38.612135+09:00,24971_expanded.json,"{""혼합 단서"": 2, ""단서 없음"": 6, ""부정 단서"": 5, ""긍정 단서"": 3}","{""연기·배우"": 0, ""서사·연출"": 1, ""몰입·속도"": 0, ""영상·음향·기기"": 5, ""원작·시리즈 비교"": 3, ""역사·사회 해석"": 0, ""공포·강도"": 0, ""굿즈·특전"": 0, ""극장 서비스·매너"": 3, ""재관람·추천 의향"": 1}"
9,24868,옵세션,2026.09.02,109,1211,60,4.95,0,2026-09-29 09:25,2026-10-02 09:35,https://www.lottecinema.co.kr/NLCHS/Movie/MovieDetailView?movie=24868,2026-10-02T11:15:59.019382+09:00,24868_expanded.json,"{""단서 없음"": 29, ""긍정 단서"": 23, ""혼합 단서"": 2, ""부정 단서"": 6}","{""연기·배우"": 4, ""서사·연출"": 6, ""몰입·속도"": 2, ""영상·음향·기기"": 4, ""원작·시리즈 비교"": 0, ""역사·사회 해석"": 0, ""공포·강도"": 22, ""굿즈·특전"": 0, ""극장 서비스·매너"": 0, ""재관람·추천 의향"": 6}"
10,24982,(인피니티비전)어벤져스: 엔드게임 앙코르,2026.09.23,186,227,60,26.43,0,2026-09-27 19:58,2026-10-02 05:07,https://www.lottecinema.co.kr/NLCHS/Movie/MovieDetailView?movie=24982,2026-10-02T11:16:00.294388+09:00,24982_expanded.json,"{""단서 없음"": 25, ""긍정 단서"": 31, ""부정 단서"": 4}","{""연기·배우"": 0, ""서사·연출"": 1, ""몰입·속도"": 2, ""영상·음향·기기"": 8, ""원작·시리즈 비교"": 1, ""역사·사회 해석"": 3, ""공포·강도"": 0, ""굿즈·특전"": 0, ""극장 서비스·매너"": 1, ""재관람·추천 의향"": 4}"
